ticker,buy_date,buy_close
A,2020-02-20,84.13
AA,2020-01-17,17.69
AAL,2020-02-24,25.45
AAMC,2020-03-16,14.08
AAME,2020-03-30,2.13
AAOI,2020-03-23,6.9
AAPL,2020-02-25,288.08
AAT,2019-12-13,44.35
AAXN,2020-03-06,74.44
ABC,2020-02-27,86.59
ABCB,2019-12-23,42.65
ABEO,2020-03-06,2.72
ABG,2020-01-13,102.35
ABIO,2020-04-07,2.76
ABM,2020-02-14,38.57
ABMD,2020-04-01,144.48
ABR,2020-02-25,13.52
ACAD,2019-12-19,43.63
ACB,2019-05-31,7.59
ACBI,2019-08-23,16.84
ACC,2020-04-07,28.72
ACCO,2020-03-06,7.92
ACER,2020-03-25,1.97
ACHC,2019-11-15,31.5
ACIA,2019-05-31,46.6
ACIW,2020-01-14,37.08
ACM,2020-03-02,45.65
ACNB,2020-02-14,34.35
ACOR,2020-02-10,2.01
ACRE,2020-03-23,5.07
ACRS,2019-02-06,6.94
ACRX,2019-10-07,2.15
ACU,2020-03-02,23.03
ACY,2019-12-27,4.87
ADBE,2020-02-27,337.52
ADC,2020-03-16,56.42
ADES,2020-03-03,8.98
ADI,2020-02-05,116.05
ADM,2020-01-29,43.34
ADMA,2019-11-26,4.57
ADMS,2020-02-18,5.6
ADRO,2019-05-29,3.45
ADS,2020-01-31,102.17
ADSK,2020-03-12,136.0
ADT,2020-01-22,6.47
ADTN,2020-02-04,9.48
ADVM,2019-09-03,10.39
AEE,2020-03-12,72.4
AEGN,2020-02-05,21.63
AEHR,2020-03-04,2.02
AEIS,2020-02-18,72.0
AEL,2020-01-21,28.19
AEM,2020-01-27,61.46
AEMD,2020-02-24,2.45
AEO,2020-03-10,10.57
AEP,2020-02-28,89.26
AERI,2020-02-12,19.81
AES,2020-03-02,18.22
AEZS,2020-03-05,0.76
AFI,2019-05-28,11.46
AFL,2020-02-20,51.49
AFMD,2020-02-28,2.36
AG,2020-01-22,10.33
AGCO,2020-01-17,74.59
AGD,2020-02-28,8.92
AGFS,2018-10-10,6.14
AGLE,2019-12-03,8.04
AGNC,2020-02-25,18.13
AGO,2020-01-27,46.65
AGR,2019-01-28,46.48
AGRX,2020-03-31,1.86
AGTC,2020-04-03,3.0
AGX,2020-02-28,41.73
AGYS,2020-03-19,14.85
AHH,2020-02-12,17.76
AIHS,2019-10-22,0.27
AIM,2019-07-02,4.03
AIMC,2020-01-28,33.74
AIMT,2020-02-06,29.47
AINC,2020-03-27,8.11
AIR,2020-02-05,44.33
AIRG,2020-01-29,9.67
AIRT,2020-01-09,21.22
AIT,2020-01-27,64.01
AIZ,2020-03-03,123.25
AJG,2020-02-28,97.08
AJRD,2020-02-27,50.42
AJX,2020-02-19,14.75
AKAM,2020-03-06,90.62
AKBA,2020-03-12,6.07
AKCA,2019-10-04,15.13
AKER,2019-10-15,9.72
AKG,2020-04-03,0.84
AKRX,2020-02-26,1.26
AKS,2020-01-22,3.03
AKTS,2019-11-21,7.34
ALB,2020-03-02,83.84
ALBO,2020-03-09,20.27
ALCO,2020-04-13,28.35
ALDX,2020-03-05,3.57
ALEX,2020-03-30,12.19
ALGN,2020-01-27,260.91
ALGT,2020-03-02,137.43
ALJJ,2020-02-13,1.15
ALK,2019-12-04,66.54
ALL,2020-02-27,109.38
ALLY,2020-02-21,28.47
ALNA,2019-11-29,2.21
ALNY,2020-03-05,116.91
ALO,2020-01-28,0.74
ALOT,2019-11-18,15.88
ALPN,2019-10-25,2.82
ALRM,2019-05-24,59.46
ALRN,2020-03-25,0.381
ALRS,2020-02-21,21.5
ALSK,2020-03-05,1.9649
ALSN,2020-01-21,47.25
ALV,2020-01-31,76.02
ALX,2020-02-12,327.35
ALXN,2020-01-09,110.74
AM,2020-03-04,4.24
AMAG,2020-01-24,9.63
AMAT,2020-01-27,58.86
AMD,2020-03-09,43.27
AME,2020-02-25,91.54
AMED,2020-04-03,176.66
AMG,2020-02-28,75.22
AMGN,2020-01-31,214.53
AMKR,2020-01-28,12.02
AMN,2020-04-15,56.93
AMNB,2020-01-16,37.25
AMOT,2020-03-04,38.1
AMPE,2020-03-31,0.42
AMPH,2020-02-18,18.81
AMRB,2020-02-13,14.66
AMRK,2020-03-11,9.22
AMSF,2020-04-15,62.7
AMT,2020-03-12,216.92
AMTD,2020-01-31,47.17
AMWD,2020-02-27,84.89
AMZN,2020-03-12,1676.61
AN,2020-02-26,43.71
ANAB,2019-06-28,56.42
ANAT,2019-12-03,114.78
ANDE,2020-02-05,24.11
ANET,2020-03-17,168.2
ANGO,2020-02-04,13.8
ANH,2020-01-27,3.57
ANIK,2019-12-11,54.25
ANIP,2020-03-19,41.98
ANIX,2020-02-24,3.31
ANSS,2020-02-25,266.44
AOBC,2020-03-09,6.31
AOS,2019-12-03,46.45
AP,2019-10-14,3.86
APA,2019-12-02,19.39
APD,2020-02-27,222.64
APDN,2020-04-01,3.79
APEI,2020-01-24,25.26
APEN,2020-03-06,2.52
APHA,2019-05-10,7.22
APLS,2020-02-26,34.44
APOG,2019-12-20,31.62
APT,2019-11-11,3.41
APTS,2019-05-31,14.45
APTX,2020-01-15,3.56
APVO,2019-09-23,9.52
AQMS,2020-02-07,0.786
AQN,2020-03-13,12.93
AR,2020-01-28,1.91
ARA,2020-03-02,8.65
ARAV,2020-02-10,9.67
ARAY,2020-03-27,1.67
ARC,2019-07-03,2.0345
ARCB,2020-01-31,22.23
ARCC,2020-02-26,17.48
ARCT,2019-09-06,10.63
ARDC,2019-10-10,13.95
ARDX,2020-03-09,6.1
ARE,2020-02-27,153.57
ARGO,2020-02-12,66.11
ARI,2020-02-28,15.48
ARKR,2020-02-27,21.64
ARL,2020-01-24,14.84
ARLO,2019-11-12,2.93
ARMK,2020-02-10,40.57
ARMP,2020-04-01,3.05
AROC,2020-02-05,8.535
AROW,2020-01-23,36.21
ARTW,2020-01-10,1.84
ARVN,2020-03-16,33.0
ARW,2020-02-25,72.57
ARWR,2020-01-29,44.04
ASB,2020-01-10,20.7
ASC,2020-01-15,7.17
ASFI,2020-02-24,10.05
ASGN,2020-02-11,68.22
ASH,2020-02-28,71.54
ASIX,2020-01-02,19.81
ASM,2019-11-11,0.51
ASMB,2020-02-28,18.12
ASPN,2020-03-26,5.84
ASRT,2020-01-14,1.16
ASRV,2020-01-27,4.1049
ASUR,2020-03-11,6.03
ATEN,2019-12-03,6.46
ATEX,2020-03-27,40.16
ATHX,2020-02-26,1.22
ATI,2019-12-13,22.29
ATKR,2020-04-09,25.1
ATLC,2020-03-20,5.49
ATLO,2020-02-28,25.87
ATNI,2019-11-26,54.36
ATNM,2020-04-07,0.193
ATOM,2020-03-12,3.05
ATRA,2020-01-24,13.62
ATRC,2020-02-21,39.41
ATRI,2020-04-15,640.0
ATRO,2020-01-28,27.89
ATRS,2020-01-17,4.24
ATSG,2020-01-23,22.11
ATVI,2020-04-03,59.59
AUB,2019-12-24,37.91
AUBN,2020-02-28,56.72
AUG,2020-01-06,1.4
AUMN,2020-02-28,0.2
AUPH,2020-03-23,12.45
AUTO,2020-02-24,1.94
AUY,2020-03-11,3.6042
AVA,2020-03-02,49.62
AVAV,2020-02-28,51.39
AVB,2020-02-27,205.61
AVCO,2019-10-10,1.61
AVD,2020-03-04,16.65
AVEO,2020-02-04,5.3
AVGO,2020-04-02,237.06
AVGR,2020-02-13,0.61
AVID,2020-03-19,6.05
AVNS,2018-09-20,69.45
AVT,2020-01-27,40.17
AVX,2019-11-11,15.4
AVYA,2019-12-16,11.92
AWI,2020-03-03,104.3
AWK,2020-02-28,123.66
AWR,2020-03-23,74.9
AWRE,2020-04-14,2.65
AX,2019-12-04,28.81
AXAS,2020-01-31,0.23
AXDX,2020-02-05,17.15
AXE,2020-03-17,83.39
AXGN,2020-01-07,15.91
AXGT,2019-09-10,7.53
AXL,2020-01-21,9.39
AXP,2020-04-15,83.79
AXR,2020-03-16,5.15
AXSM,2019-09-09,24.21
AXTA,2020-01-14,30.65
AXTI,2020-02-10,4.1
AYI,2020-01-10,120.92
AYR,2020-03-12,30.65
AZO,2020-01-17,1154.58
AZPN,2020-02-28,106.51
AZZ,2020-02-18,42.88
B,2020-03-05,52.65
BA,2020-02-27,287.76
BANC,2020-03-06,13.83
BANF,2020-02-07,59.12
BASI,2020-03-04,4.86
BAX,2020-02-26,86.81
BB,2020-02-04,6.15
BBCP,2019-11-01,3.37
BBDC,2020-03-11,8.88
BBI,2020-02-07,1.54
BBQ,2020-03-06,3.9
BBSI,2020-01-27,83.91
BBW,2020-03-03,3.9
BBY,2020-02-24,84.72
BC,2020-02-28,53.2
BCBP,2020-01-29,13.55
BCC,2020-03-26,24.14
BCML,2019-10-24,21.88
BCO,2020-01-28,89.15
BCOR,2020-01-27,22.57
BCOV,2019-09-23,10.43
BCPC,2020-04-13,97.97
BCRH,2020-03-17,0.92
BCRX,2020-02-20,2.72
BCTF,2020-03-31,10.9
BDC,2020-01-23,50.16
BDGE,2020-01-22,31.82
BDL,2020-01-03,21.54
BDR,2020-03-02,0.74
BDSI,2020-01-31,5.25
BDX,2019-09-24,249.43
BEAT,2020-02-18,53.22
BECN,2020-02-25,30.2
BEN,2020-02-13,23.83
BERY,2020-01-10,44.76
BFAM,2020-04-03,91.1
BFC,2020-01-10,67.98
BFIN,2020-01-14,12.82
BG,2020-02-28,46.95
BGFV,2020-02-21,3.4914
BGS,2020-01-27,16.06
BGSF,2019-05-07,21.27
BHB,2020-01-07,24.06
BHC,2020-02-14,27.74
BHE,2020-01-31,30.51
BHF,2019-12-31,39.23
BHLB,2020-01-15,31.17
BHR,2020-01-30,8.07
BHTG,2020-03-17,1.31
BHVN,2020-02-10,47.06
BIIB,2020-03-20,278.77
BIOC,2020-04-03,0.28
BJ,2020-01-03,22.38
BJRI,2019-06-06,42.11
BK,2020-01-23,46.71
BKCC,2020-01-21,4.774
BKD,2019-09-05,8.0
BKE,2020-02-04,24.8
BKH,2020-02-28,72.2
BKSC,2020-02-06,18.6
BKTI,2019-10-16,3.4068
BKU,2020-02-18,32.13
BL,2019-11-01,46.76
BLBD,2019-08-06,19.44
BLCM,2020-03-24,4.23
BLD,2019-06-21,77.67
BLDR,2020-03-03,23.72
BLK,2020-03-26,451.9
BLKB,2020-02-26,72.76
BLL,2020-02-25,74.37
BLMN,2020-02-11,20.78
BLNK,2020-03-23,1.41
BLPH,2019-01-23,10.05
BLUE,2020-04-08,43.04
BMCH,2020-02-25,28.41
BMI,2020-01-24,62.22
BMO,2020-02-24,74.86
BMRC,2020-01-09,43.84
BMRN,2020-03-27,79.51
BMTC,2020-01-14,39.94
BMY,2020-03-05,60.0
BNED,2019-12-27,4.17
BNFT,2019-04-22,39.42
BNGO,2020-03-26,0.44
BNS,2020-03-24,35.87
BOCH,2020-01-09,11.17
BOH,2020-03-02,77.98
BOMN,2019-12-19,20.67
BOOM,2020-03-27,24.43
BOOT,2020-01-24,42.38
BOTJ,2020-03-20,9.25
BPFH,2020-02-26,10.62
BPMC,2020-02-24,61.97
BPRN,2020-04-08,22.25
BR,2020-01-31,118.49
BRID,2020-04-17,18.5
BRKL,2020-02-12,15.61
BRKR,2020-02-11,51.39
BRKS,2020-01-29,38.36
BRN,2019-04-12,1.33
BRO,2020-03-03,44.52
BRT,2020-02-14,16.79
BRX,2020-02-25,18.93
BRY,2020-04-06,2.26
BSET,2020-01-24,13.94
BSIG,2020-01-23,9.56
BSRR,2020-02-24,26.35
BSTC,2020-03-03,57.02
BSVN,2020-03-05,15.07
BSX,2020-02-05,42.62
BTAI,2019-09-26,7.5
BTE,2020-02-10,1.02
BTG,2020-03-09,4.12
BTN,2020-03-19,1.59
BURL,2020-03-09,201.56
BV,2019-11-25,16.67
BW,2020-03-11,1.92
BWFG,2020-03-30,15.78
BWG,2020-03-23,9.2
BWXT,2020-03-02,55.27
BXG,2020-03-26,5.32
BXP,2020-02-26,134.0
BXS,2020-02-25,26.75
BY,2020-03-27,11.05
BYD,2020-02-26,27.55
BYFC,2020-03-04,1.49
CAAP,2020-01-28,5.67
CAAS,2020-01-06,3.13
CABO,2020-03-26,1493.81
CAC,2020-02-19,46.69
CACC,2020-02-06,448.72
CAE,2020-03-05,24.82
CAH,2019-12-16,52.66
CAI,2020-02-26,25.98
CAKE,2019-12-10,41.03
CAL,2020-02-13,17.69
CALA,2019-06-20,3.99
CALX,2020-03-19,6.5
CAMP,2020-03-10,6.77
CAR,2020-03-23,13.4
CARA,2019-09-23,22.01
CARE,2020-01-23,20.8
CARO,2020-01-28,39.5
CARS,2020-02-19,11.38
CASA,2019-10-09,6.275
CASI,2020-01-10,3.12
CASS,2020-04-15,33.03
CASY,2020-03-11,159.31
CAT,2020-01-29,134.54
CATC,2020-01-13,76.07
CB,2020-04-17,118.79
CBAN,2020-01-09,15.37
CBAT,2020-01-09,0.86
CBAY,2020-01-03,1.94
CBB,2019-05-07,8.94
CBFV,2020-03-31,19.31
CBL,2019-11-13,1.46
CBMB,2020-01-22,14.2
CBNK,2020-02-03,14.33
CBOE,2020-01-13,114.75
CBPO,2020-01-17,115.8
CBT,2020-01-03,45.9
CBTX,2020-03-17,22.29
CBZ,2020-02-27,25.75
CCBG,2020-03-31,20.12
CCC,2019-12-12,16.8
CCF,2020-01-13,105.47
CCI,2020-03-17,146.87
CCJ,2020-02-28,8.68
CCK,2020-02-27,70.24
CCMP,2020-02-27,137.99
CCNE,2020-01-24,30.25
CCO,2019-10-22,2.48
CCRC,2020-04-01,4.52
CCRN,2020-01-21,10.44
CCS,2020-03-11,27.81
CCXI,2020-03-27,38.55
CDLX,2020-03-04,54.55
CDMO,2020-03-10,5.99
CDNS,2020-02-24,71.39
CDTX,2020-03-27,2.47
CDW,2020-01-31,130.08
CDXS,2020-02-11,14.43
CE,2020-01-07,117.34
CECE,2020-01-27,7.48
CEI,2020-02-14,1.63
CEIX,2019-10-28,14.55
CELC,2020-03-02,8.25
CENT,2020-02-11,29.85
CENX,2020-03-11,4.8
CERC,2020-02-03,3.98
CERN,2020-02-27,69.68
CERS,2020-01-17,4.07
CEVA,2020-02-27,27.63
CF,2019-10-25,45.51
CFBI,2019-07-17,9.95
CFFI,2019-12-24,53.74
CFFN,2019-12-24,13.74
CFG,2020-03-02,33.32
CFMS,2020-03-02,0.892
CFR,2020-01-21,94.01
CFRX,2020-03-19,6.38
CFX,2020-02-10,36.23
CGBD,2020-02-24,12.51
CGC,2020-02-24,20.3
CGNX,2020-02-12,54.81
CHCT,2020-03-20,26.09
CHD,2020-03-03,73.06
CHE,2020-02-27,440.1
CHEF,2020-02-27,30.65
CHK,2020-01-21,120.0
CHMA,2019-09-10,5.05
CHMG,2019-12-31,42.03
CHMI,2020-02-28,13.92
CHNR,2020-02-04,1.35
CHRS,2020-02-28,19.35
CHS,2020-03-24,1.84
CHUY,2020-04-07,11.48
CI,2020-02-04,196.82
CINF,2020-02-26,102.34
CIO,2020-01-29,13.37
CIR,2020-01-14,43.95
CIZN,2020-03-02,20.9
CKH,2020-02-26,37.64
CKPT,2019-07-24,2.71
CKX,2020-02-13,9.3
CL,2019-07-23,70.96
CLAR,2020-02-24,13.06
CLB,2019-12-31,37.43
CLBK,2020-03-25,14.3
CLDB,2020-04-09,13.8
CLDR,2019-06-28,5.26
CLDT,2020-01-15,17.73
CLF,2020-01-28,7.0469
CLFD,2020-02-12,12.55
CLGX,2020-02-28,45.37
CLH,2020-01-31,82.22
CLI,2020-02-10,21.04
CLIR,2020-02-28,0.68
CLNE,2020-04-03,1.68
CLPR,2020-03-24,5.73
CLPS,2019-11-27,2.7
CLR,2020-02-07,26.86
CLRO,2020-04-17,1.82
CLSD,2019-08-06,1.02
CLUB,2020-02-06,1.91
CLVS,2019-04-11,23.76
CLW,2019-08-20,16.45
CLX,2019-08-27,156.49
CLXT,2019-10-24,4.76
CM,2019-12-12,79.28
CMA,2020-01-15,65.78
CMC,2020-01-22,21.69
CMCO,2020-01-28,36.66
CMD,2020-03-03,60.88
CME,2020-03-11,194.68
CMG,2020-03-23,588.71
CMI,2019-12-18,179.39
CMP,2020-02-28,54.55
CMRX,2020-02-13,1.64
CMS,2020-02-27,62.82
CMT,2020-02-28,2.88
CNA,2020-02-28,41.58
CNAT,2020-03-18,0.25
CNC,2020-02-25,55.95
CNCE,2020-03-06,9.22
CNDT,2019-06-14,9.04
CNFR,2020-04-17,3.31
CNI,2020-02-25,88.58
CNK,2020-02-21,28.71
CNMD,2020-01-29,106.04
CNNE,2019-09-30,27.47
CNO,2020-02-26,17.18
CNOB,2020-01-17,25.5
CNP,2020-02-24,25.22
CNR,2019-02-08,8.14
CNSL,2020-03-23,4.27
CNST,2020-02-13,36.45
CNTY,2020-02-25,7.88
CNX,2019-11-26,7.24
CNXN,2020-03-09,37.81
COCP,2019-02-15,2.65
COF,2020-02-07,101.8
COG,2020-02-04,14.41
COHN,2020-04-17,3.89
COHR,2020-01-27,153.56
COHU,2020-03-11,16.2
COLB,2020-02-03,39.02
COLD,2019-11-11,34.73
COLL,2020-03-10,19.85
CONE,2019-06-04,56.13
CONN,2019-11-13,22.13
COOP,2020-01-21,13.75
COR,2019-10-14,115.48
CORE,2019-07-30,37.23
CORT,2020-03-06,11.56
CORV,2020-02-11,0.33
COST,2020-02-25,304.87
COT,2020-03-13,13.32
COUP,2020-02-05,158.64
CPE,2020-01-21,3.7
CPG,2019-10-23,4.0521
CPHC,2020-02-20,12.52
CPHI,2020-04-07,0.42
CPIX,2020-01-06,5.12
CPK,2020-03-19,89.75
CPLG,2020-03-26,4.2631
CPRT,2020-02-20,97.3
CPRX,2019-10-11,4.83
CPS,2019-03-05,60.86
CPSH,2020-03-24,1.07
CPSI,2020-03-30,22.5
CPSS,2020-03-11,3.0
CPST,2020-01-09,3.05
CPTA,2018-10-08,7.1251
CR,2020-02-19,85.2
CRAI,2020-02-12,52.92
CRBP,2020-02-27,4.85
CREE,2020-02-19,48.23
CRHM,2020-03-25,1.35
CRI,2020-02-07,105.84
CRL,2020-02-10,157.74
CRM,2020-03-04,175.69
CRMD,2020-03-02,5.62
CRNX,2020-03-05,19.66
CROX,2020-01-28,40.57
CRS,2020-01-03,48.56
CRUS,2020-02-26,70.61
CRVL,2020-02-06,85.86
CRVS,2019-04-02,4.03
CRWS,2020-03-31,4.78
CRY,2020-02-25,26.0
CSCO,2020-02-13,46.88
CSFL,2020-01-03,24.55
CSGP,2020-03-09,666.91
CSGS,2020-01-07,50.53
CSII,2020-02-13,43.38
CSIQ,2020-03-23,14.43
CSL,2020-01-24,156.04
CSOD,2020-03-02,41.1
CSPI,2020-03-27,6.85
CSTR,2020-02-05,15.49
CSU,2019-11-08,4.18
CSV,2020-01-22,24.94
CSWC,2020-02-25,18.91
CSWI,2020-02-21,73.7
CSX,2020-03-03,68.91
CTAS,2020-02-25,279.88
CTB,2020-01-07,28.11
CTBI,2020-01-28,44.14
CTEK,2020-03-02,3.07
CTG,2020-03-12,4.4
CTHR,2020-04-13,0.64
CTIC,2020-02-13,1.32
CTL,2019-08-08,10.08
CTMX,2020-03-06,7.0
CTO,2020-02-11,61.19
CTRC,2019-12-24,2.2
CTRE,2019-11-20,19.65
CTRN,2020-03-05,17.66
CTS,2020-02-12,30.13
CTST,2020-02-07,0.936
CTXS,2020-03-02,108.43
CUB,2020-02-06,64.82
CUBE,2020-03-11,30.33
CUBI,2020-01-31,21.38
CULP,2020-02-12,11.92
CURO,2020-01-15,10.21
CUTR,2020-01-02,36.47
CVA,2020-03-19,8.71
CVBF,2020-02-18,21.1
CVCO,2020-02-21,228.13
CVCY,2020-01-22,19.84
CVE,2020-02-24,8.3631
CVEO,2020-03-25,0.493
CVGI,2019-11-05,7.55
CVGW,2020-01-13,81.02
CVI,2019-12-10,40.68
CVIA,2019-11-22,1.47
CVLT,2020-02-26,44.43
CVLY,2020-02-04,21.81
CVR,2020-04-16,19.25
CVS,2019-12-30,73.21
CVV,2020-03-26,2.65
CVX,2020-01-21,112.0
CW,2020-02-25,133.24
CWBC,2020-02-26,11.15
CWT,2020-02-28,47.96
CXDC,2020-03-03,1.16
CXO,2020-01-23,83.92
CXW,2020-02-25,15.27
CY,2020-02-25,23.02
CYBE,2020-03-03,20.61
CYD,2020-01-16,13.52
CYH,2019-11-14,2.87
CZNC,2020-02-03,25.74
CZR,2020-03-20,5.45
CZWI,2020-03-03,11.49
DAIO,2020-01-22,4.26
DAKT,2020-01-29,5.8733
DAN,2020-01-10,16.44
DAR,2020-02-26,25.01
DARE,2020-03-26,0.93
DBD,2020-02-14,9.06
DCI,2020-01-22,54.22
DCIX,2019-11-04,1.02
DCO,2019-12-27,50.4
DCOM,2020-01-22,19.98
DCPH,2020-02-25,53.85
DD,2020-01-09,60.56
DE,2020-01-28,162.06
DEA,2020-03-11,22.83
DECK,2020-02-27,173.92
DEI,2020-02-26,41.15
DENN,2020-02-26,18.39
DFIN,2019-10-31,11.3
DFS,2020-02-19,75.56
DG,2019-11-04,157.53
DGII,2019-12-23,17.83
DGX,2020-02-26,109.09
DHI,2020-03-02,54.83
DHR,2020-02-24,156.6
DHX,2020-02-27,2.31
DIN,2020-03-06,70.84
DJCO,2020-01-29,283.6
DK,2020-02-21,27.77
DKS,2020-02-07,43.4
DLA,2020-02-14,23.31
DLHC,2020-03-25,3.88
DLX,2020-02-07,42.44
DMPI,2020-02-12,0.542
DMRC,2019-08-01,45.16
DNKN,2019-07-31,78.94
DNOW,2019-07-29,12.13
DO,2020-01-30,4.82
DOC,2020-02-28,18.55
DOCU,2020-03-27,82.57
DOOR,2020-02-26,76.65
DORM,2019-10-29,72.14
DOW,2020-01-31,45.32
DPW,2019-11-11,1.24
DPZ,2020-01-28,283.51
DRH,2020-02-04,10.06
DRI,2020-02-25,111.75
DRNA,2020-01-13,20.0
DRQ,2020-01-09,46.9
DRRX,2019-12-11,1.91
DS,2020-01-29,3.85
DSGX,2020-02-24,43.68
DSKE,2019-05-28,4.32
DSPG,2020-02-19,15.11
DSX,2019-12-03,3.31
DTEA,2020-03-09,0.85
DVA,2020-02-27,79.23
DVD,2019-11-22,1.86
DVN,2020-01-28,22.48
DWSN,2020-01-31,2.4
DX,2020-03-09,15.37
DXC,2020-01-14,34.33
DXCM,2020-03-23,210.3
DXLG,2019-11-26,1.28
DXR,2020-03-17,9.31
DY,2019-12-17,47.0
DYAI,2020-03-05,5.37
EA,2020-01-31,107.92
EAST,2019-10-28,4.33
EAT,2020-01-28,43.32
EBAY,2020-01-14,35.19
EBF,2020-03-11,18.18
EBMT,2020-01-28,21.07
EBS,2020-04-13,62.02
EBSB,2020-01-21,19.07
EBTC,2020-01-15,32.29
ECHO,2019-11-05,21.34
ECL,2019-12-02,184.21
ECOM,2020-02-10,9.64
ECPG,2020-02-21,34.3
ED,2020-02-24,88.89
EDIT,2020-03-31,19.83
EDRY,2020-01-23,6.67
EDSA,2020-03-04,2.74
EDUC,2019-12-23,6.12
EEFT,2020-02-21,140.36
EEX,2019-10-11,9.6664
EFC,2019-12-12,17.31
EFSC,2020-02-26,41.52
EFX,2020-02-27,144.71
EGBN,2020-01-30,44.1
EGHT,2020-03-10,17.2
EGO,2020-03-31,6.17
EGOV,2020-01-27,22.02
EGP,2020-02-25,134.26
EGRX,2020-03-13,39.31
EHTH,2020-03-16,99.25
EIDX,2020-02-25,47.18
EIG,2019-08-02,42.48
EIGI,2020-02-28,3.73
EIGR,2020-01-16,14.46
EIX,2020-03-02,69.63
ELA,2015-06-11,23.3766
ELF,2020-03-20,8.73
ELMD,2019-05-14,5.53
ELOX,2020-01-15,4.59
ELS,2019-12-18,67.99
ELSE,2020-02-10,3.7
ELY,2020-04-17,10.95
EMCF,2020-02-26,31.75
EML,2020-02-05,28.6
EMN,2020-02-25,65.53
EMX,2020-03-16,1.28
ENB,2020-02-26,39.22
ENG,2020-03-12,0.64
ENLV,2020-04-06,4.62
ENOB,2020-01-08,4.5
ENPH,2019-09-19,27.12
ENR,2020-03-03,45.96
ENSG,2020-02-26,47.74
ENSV,2020-03-11,0.119
ENT,2019-03-22,28.75
ENTA,2019-03-27,93.87
ENVA,2020-02-27,19.54
ENZ,2020-01-29,2.52
EOLS,2019-11-13,14.45
EPAM,2020-01-31,228.14
EPC,2020-03-16,28.12
EPD,2020-01-28,26.8
EPM,2020-02-04,5.2218
EPSN,2020-03-11,2.7
EQIX,2019-10-02,556.74
ERA,2019-10-03,10.03
ERF,2020-01-21,6.0224
ERI,2019-05-06,48.4
ERII,2020-04-15,6.99
ES,2020-03-11,87.79
ESBK,2020-03-05,15.26
ESCA,2020-02-26,8.86
ESI,2020-03-13,8.45
ESNT,2020-01-17,51.69
ESP,2020-03-12,17.73
ESQ,2020-02-20,23.8
ESS,2020-02-27,293.99
ESSA,2020-03-30,13.95
ESXB,2020-03-02,8.47
ETH,2020-01-17,17.54
ETON,2020-02-13,6.86
ETR,2020-02-26,125.65
ETSY,2019-12-12,41.98
EVBG,2020-03-12,103.05
EVFM,2020-01-09,5.74
EVI,2020-04-17,17.5
EVOK,2020-03-25,1.01
EVRG,2020-03-09,64.53
EVRI,2020-03-02,9.74
EVSI,2020-04-16,6.55
EVTC,2020-03-12,23.8
EW,2020-02-20,233.91
EWBC,2020-02-21,46.09
EXC,2020-03-27,35.5
EXEL,2020-03-05,19.18
EXK,2020-02-03,2.05
EXLS,2020-03-17,52.53
EXP,2020-02-11,87.63
EXPD,2020-01-28,73.85
EXPI,2020-03-20,7.33
EXPO,2020-03-17,66.38
EXPR,2020-01-14,4.77
EXR,2020-03-05,109.53
EXTN,2019-04-04,17.49
EXTR,2020-01-28,7.26
EYES,2019-12-12,6.192
F,2020-01-27,8.74
FAF,2019-12-16,60.59
FANG,2020-01-28,78.64
FARM,2020-04-02,6.79
FARO,2020-03-18,38.0
FAST,2020-03-03,34.39
FAT,2019-08-16,3.601
FATE,2020-03-26,23.31
FBHS,2020-02-27,62.3
FBIO,2020-03-06,2.0
FBIZ,2020-02-18,25.08
FBK,2020-02-18,35.88
FBM,2019-12-06,20.15
FBMS,2020-02-25,32.82
FBNC,2020-01-15,37.66
FBSS,2020-02-28,19.89
FC,2020-02-24,33.94
FCAP,2020-02-12,66.19
FCBC,2019-05-24,32.81
FCCO,2020-02-26,20.38
FCCY,2020-02-20,20.85
FCEL,2019-10-23,0.31
FCF,2020-04-06,8.93
FCFS,2020-03-31,71.74
FCN,2020-02-28,112.59
FDBC,2019-11-29,65.26
FDEF,2020-01-31,29.17
FDS,2020-04-02,262.31
FDUS,2019-10-29,13.81
FE,2020-02-25,48.89
FEIM,2019-06-05,11.16
FELE,2020-02-25,56.03
FENC,2020-03-17,5.32
FET,2020-01-15,1.53
FEYE,2020-03-11,11.85
FF,2020-01-17,11.65
FFBW,2020-01-29,10.77
FFIC,2020-01-09,20.8
FFIN,2020-01-30,34.38
FFIV,2020-01-24,135.82
FFNW,2020-02-27,14.47
FFWM,2020-02-14,17.04
FGBI,2019-08-20,17.86
FGEN,2020-03-13,31.57
FHB,2020-03-02,24.92
FHN,2019-11-21,15.64
FI,2020-01-22,4.11
FICO,2020-02-28,376.03
FIS,2020-03-05,142.37
FISI,2020-01-07,30.98
FITB,2020-02-26,26.23
FIVE,2019-10-29,126.96
FIVN,2020-03-04,73.21
FIX,2019-12-10,48.77
FIXX,2019-10-08,14.92
FIZZ,2020-03-18,41.25
FLDM,2020-02-25,3.57
FLGT,2020-03-18,8.15
FLIC,2020-01-13,23.69
FLIR,2020-02-27,44.24
FLL,2020-03-20,0.77
FLNT,2020-03-13,1.43
FLO,2020-01-17,21.92
FLOW,2020-01-29,45.08
FLR,2020-01-27,18.57
FLS,2020-02-05,48.71
FLXN,2020-01-28,17.71
FLXS,2020-02-11,14.93
FMAO,2020-03-24,25.04
FMBH,2020-01-28,33.58
FMNB,2020-02-28,14.9
FMO,2020-02-14,7.26
FNB,2020-01-31,11.53
FNCB,2020-04-07,6.89
FNHC,2020-02-27,13.17
FNLC,2020-04-15,18.76
FNV,2020-03-09,107.42
FNWB,2020-01-06,17.2
FOE,2020-02-27,12.06
FOLD,2020-03-16,6.74
FOR,2020-03-02,18.56
FORM,2020-03-04,23.3
FORR,2020-02-28,36.06
FOSL,2020-01-28,7.45
FPRX,2020-03-06,3.73
FR,2020-02-26,42.26
FRAF,2020-04-17,23.36
FRBA,2020-03-03,10.04
FRBK,2019-11-29,3.96
FRC,2020-01-24,113.56
FRD,2020-01-22,5.9
FRG,2019-10-29,11.41
FRGI,2020-04-17,7.27
FRHC,2020-01-10,14.8
FRME,2020-01-09,40.77
FRPH,2020-02-12,49.4
FRTA,2020-04-08,6.12
FSB,2020-03-09,27.61
FSBC,2020-03-02,16.9
FSBW,2020-01-09,61.64
FSCT,2019-08-28,33.84
FSD,2020-02-24,15.4
FSFG,2020-01-03,65.94
FSI,2019-11-26,2.43
FSK,2020-02-05,5.8869
FSLR,2020-03-30,36.06
FSM,2020-03-05,3.4
FSP,2019-11-18,8.43
FSS,2020-02-28,28.91
FSTR,2020-01-27,18.42
FSV,2020-03-30,76.36
FTEK,2020-03-10,0.68
FTI,2020-01-15,19.76
FTK,2020-03-26,0.96
FTNT,2020-02-21,114.48
FTS,2020-03-09,40.11
FTV,2019-05-10,82.31
FUL,2020-01-24,47.95
FUNC,2020-03-03,21.62
FUSB,2020-01-21,11.3
FUV,2019-10-28,2.05
FVCB,2019-11-12,17.35
FWRD,2020-01-31,65.25
FXNC,2020-01-15,20.79
GABC,2020-02-19,33.98
GAIN,2020-02-26,12.5
GAM,2020-02-26,36.43
GBCI,2020-01-30,42.89
GBDC,2020-02-25,16.88
GBT,2020-03-02,66.21
GBX,2020-03-09,18.08
GCAP,2020-04-01,5.5
GCBC,2020-02-21,28.54
GCI,2019-03-15,10.4669
GCP,2019-05-06,28.5
GD,2020-02-24,183.1
GDEN,2020-02-21,20.55
GDI,2019-08-16,29.98
GE,2020-01-27,11.43
GENC,2020-02-24,10.79
GEOS,2020-03-05,10.59
GERN,2020-02-26,1.14
GES,2020-02-20,21.88
GFED,2020-01-13,24.45
GFF,2020-02-03,19.9
GFN,2020-03-10,7.82
GHC,2020-01-10,612.28
GHL,2020-01-07,16.0
GHM,2019-11-21,21.15
GIFI,2020-02-18,4.85
GIII,2020-01-24,29.37
GIL,2020-01-31,27.52
GILD,2020-02-06,67.58
GIS,2020-02-04,52.09
GKOS,2019-11-25,62.41
GL,2020-02-25,102.79
GLAD,2020-02-25,9.31
GLBS,2019-10-23,2.25
GLBZ,2020-02-04,10.93
GLDD,2020-03-03,9.86
GLOB,2020-03-24,84.78
GLOW,2020-03-27,1.26
GLPI,2020-02-27,43.94
GLT,2020-01-24,16.81
GLUU,2020-02-05,6.45
GLW,2020-02-06,27.92
GLYC,2020-01-14,4.77
GM,2020-01-15,34.73
GMO,2019-11-27,0.26
GMS,2019-10-14,27.59
GNMK,2019-12-26,4.93
GNRC,2020-03-31,93.17
GNTX,2020-02-21,30.43
GNTY,2020-02-20,30.67
GNUS,2020-04-16,0.28
GOGO,2019-06-14,4.37
GOLD,2020-03-16,16.33
GOLF,2020-03-11,24.42
GOOD,2019-11-13,21.89
GORO,2020-02-27,4.6621
GPC,2020-01-16,100.68
GPI,2020-02-14,98.2
GPK,2020-01-31,15.54
GPL,2019-05-07,0.9
GPMT,2020-02-27,17.03
GPN,2020-02-25,190.98
GPRE,2020-03-05,10.43
GPS,2020-02-21,16.43
GPX,2020-04-06,6.4
GRA,2020-02-05,62.46
GRBK,2019-03-15,8.83
GRC,2020-02-03,36.61
GRIF,2020-03-19,35.7
GRPN,2020-02-19,1.7
GRUB,2020-03-23,30.13
GRWG,2019-10-07,3.995
GSAT,2020-02-21,0.46
GSB,2020-02-24,9.32
GSBC,2020-01-13,61.22
GSIT,2019-11-08,7.7
GSS,2020-01-21,3.17
GSV,2020-02-06,0.78
GT,2019-12-03,15.44
GTE,2020-01-28,1.03
GTHX,2019-10-07,23.45
GTN,2020-03-05,15.76
GTT,2020-04-15,9.51
GTX,2020-02-13,8.6
GTY,2020-03-02,28.5
GTYH,2020-04-09,4.56
GURE,2020-03-02,3.62
GV,2020-03-09,3.09
GVA,2020-02-18,27.88
GVP,2020-02-12,1.34
GWB,2020-01-22,32.91
GWGH,2019-10-18,9.07
GWRS,2020-02-03,12.72
GWW,2020-01-23,331.0
HA,2020-02-14,27.96
HAE,2019-10-21,127.25
HAL,2020-01-27,21.42
HALO,2020-03-09,18.51
HARP,2020-01-09,14.24
HAS,2020-02-12,98.2
HASI,2020-03-12,25.41
HBAN,2020-02-21,13.66
HBCP,2020-04-15,24.18
HBI,2020-01-24,14.1
HBIO,2020-02-12,2.76
HBM,2020-02-18,3.0505
HBMD,2020-01-14,17.02
HBNC,2020-01-09,18.27
HBP,2020-03-30,0.7
HCA,2020-01-27,141.12
HCC,2019-11-07,19.28
HCCI,2020-02-04,29.1
HCFT,2020-02-24,3.1708
HCHC,2019-11-26,2.01
HCI,2020-03-05,43.54
HCKT,2020-03-11,14.16
HCR,2020-03-16,0.29
HCSG,2020-03-05,26.89
HD,2020-03-02,228.41
HDS,2020-03-03,38.57
HDSN,2020-03-11,0.81
HE,2020-04-07,42.26
HEES,2020-02-20,26.13
HEI,2020-02-24,119.0
HEPA,2020-03-16,1.3
HES,2020-01-30,58.11
HFBL,2020-01-15,34.96
HFC,2019-12-04,50.36
HFFG,2020-01-08,18.71
HFWA,2020-04-13,20.17
HGV,2019-08-08,27.21
HHC,2020-04-06,50.63
HHS,2020-03-03,2.99
HI,2020-01-17,32.27
HIBB,2020-02-03,24.23
HIFS,2020-01-27,200.57
HII,2020-02-14,245.06
HIL,2020-03-05,2.88
HIW,2020-02-28,44.88
HL,2020-03-04,2.787
HLIO,2020-01-22,44.85
HLIT,2020-02-06,6.92
HLT,2020-02-25,98.73
HLX,2020-02-05,8.67
HMHC,2019-10-01,5.42
HMN,2020-03-03,39.53
HMNF,2020-03-06,19.84
HMST,2020-01-27,30.93
HMSY,2020-01-21,28.73
HNI,2020-03-10,28.15
HNNA,2020-02-14,10.5
HNRG,2019-07-18,5.3973
HOFT,2020-02-10,22.28
HOG,2020-01-10,34.39
HOLX,2020-02-27,47.69
HOME,2019-11-06,8.81
HON,2020-02-25,166.9
HOOK,2020-04-16,7.23
HOPE,2020-02-14,14.21
HP,2020-02-27,37.12
HPE,2019-08-01,13.78
HPP,2020-03-04,33.53
HPQ,2020-02-28,20.6
HPR,2020-01-28,1.11
HQI,2020-04-15,6.4
HQY,2020-01-29,70.59
HR,2020-03-13,34.0
HRB,2020-02-05,22.93
HRC,2020-02-11,108.96
HRI,2020-01-27,43.0
HROW,2020-01-23,6.99
HRTG,2019-10-07,13.68
HRTX,2019-12-30,23.63
HRZN,2020-02-27,11.24
HSC,2020-01-28,14.81
HSIC,2020-04-17,53.64
HSII,2020-02-05,29.06
HST,2020-01-22,17.21
HSTM,2020-01-07,26.6
HSY,2020-02-27,151.96
HTBI,2020-03-24,14.57
HTBK,2020-01-13,12.24
HTGC,2020-02-25,14.96
HTH,2020-02-05,23.02
HTLD,2020-04-02,17.81
HTLF,2020-01-21,48.21
HTZ,2019-08-02,14.68
HUBB,2020-02-24,140.28
HUM,2020-03-13,313.25
HUN,2020-01-08,22.65
HURC,2020-01-09,32.95
HURN,2020-02-24,64.85
HUSA,2020-03-27,0.11
HVBC,2020-04-06,10.03
HVT,2020-02-20,16.87
HWBK,2020-01-27,23.9
HWCC,2020-01-28,4.14
HWKN,2020-02-14,42.71
HXL,2020-02-12,74.33
HZN,2019-12-23,3.4
HZO,2020-03-24,8.93
I,2019-12-16,6.07
IAC,2020-02-07,240.67
IAG,2020-03-17,2.58
IBKC,2020-02-25,67.67
IBM,2020-02-27,133.11
IBOC,2020-02-25,36.16
IBP,2020-03-02,64.83
IBTX,2020-01-16,53.97
ICBK,2020-02-04,25.13
ICCH,2020-02-03,13.51
ICD,2019-04-04,57.4
ICE,2020-02-24,93.51
ICPT,2020-02-18,96.87
ICUI,2020-03-06,188.11
IDA,2020-02-25,108.97
IDCC,2020-01-06,53.49
IDEX,2019-08-27,1.55
IDXX,2020-02-26,259.45
IEC,2020-02-18,7.61
IESC,2020-02-19,25.48
IEX,2020-02-25,162.84
IFF,2020-02-24,126.96
IFRX,2019-08-20,2.64
IGR,2020-02-28,7.05
III,2020-03-16,2.03
IIIN,2020-04-08,14.72
IIN,2020-01-30,17.55
IIPR,2019-05-29,78.59
IKNX,2019-06-20,8.1
ILMN,2020-01-24,319.58
IMAX,2020-02-04,16.86
IMGN,2020-03-04,4.67
IMMU,2020-02-14,18.36
IMUX,2020-02-28,7.76
INBK,2020-02-25,25.84
INCY,2020-03-06,76.04
INFI,2020-03-13,0.82
INFN,2020-02-28,6.8
INFU,2020-03-11,7.8
INGN,2019-12-27,68.54
INGR,2020-02-27,83.9
INN,2020-02-14,11.49
INPX,2018-03-14,2430.0
INS,2020-02-11,40.21
INSE,2020-02-03,5.79
INSP,2020-03-24,47.05
INST,2019-08-29,41.08
INSW,2020-01-28,24.06
INT,2020-01-27,39.18
INTC,2020-02-25,59.73
INTG,2020-01-30,35.0
INTL,2020-01-30,48.86
INTT,2020-02-07,5.72
INVA,2020-03-09,12.37
INWK,2020-01-17,4.64
IONS,2020-02-19,61.73
IOR,2020-03-06,12.88
IOSP,2020-02-13,104.74
IOTS,2019-10-07,8.53
IPG,2020-03-03,21.21
IPGP,2020-02-18,135.81
IPHI,2020-03-04,80.52
IPI,2020-01-28,2.26
IQV,2020-02-25,150.06
IRBT,2020-03-06,46.77
IRDM,2020-03-09,25.5
IRIX,2020-01-07,2.28
IRM,2020-03-04,31.95
IRMD,2020-03-10,22.96
IROQ,2020-02-27,22.19
IRT,2019-12-16,13.58
IRTC,2019-05-02,76.19
ISBC,2020-03-04,11.57
ISEE,2020-02-13,6.82
ISIG,2020-02-24,0.77
ISNS,2020-03-11,4.68
ISR,2020-03-27,0.55
ISSC,2020-03-03,5.46
ISTR,2018-08-15,26.17
IT,2020-02-04,154.0
ITCI,2020-02-06,21.59
ITGR,2020-03-06,85.09
ITI,2020-03-04,4.95
ITIC,2020-03-09,138.03
ITRI,2020-02-28,75.84
ITT,2020-02-19,68.09
ITW,2020-02-28,166.53
IVAC,2020-02-12,6.91
IVC,2018-05-08,17.11
IVR,2020-02-27,14.922
IZEA,2020-03-03,0.25
J,2020-03-18,79.43
JAGX,2020-04-07,0.475
JAKK,2020-02-05,0.96
JAN,2020-03-17,2.63
JASN,2019-01-31,1.38
JAX,2020-03-31,3.83
JBGS,2020-04-06,29.42
JBHT,2020-01-06,114.72
JBL,2020-02-19,37.89
JBLU,2020-02-24,19.38
JBSS,2019-12-17,91.79
JBT,2020-02-25,103.22
JCAP,2020-03-31,10.96
JCOM,2020-02-26,90.14
JCP,2020-01-17,0.85
JCS,2019-12-24,6.5
JE,2020-02-03,1.57
JELD,2019-08-13,17.93
JILL,2019-06-20,1.68
JJSF,2019-10-15,190.41
JKHY,2020-01-10,145.11
JLL,2020-02-11,165.17
JNCE,2020-03-06,4.35
JNJ,2020-02-20,147.43
JNPR,2020-02-04,23.13
JOB,2020-01-29,0.39
JOE,2019-10-10,17.23
JRSH,2019-10-31,6.7007
JRVR,2020-03-09,38.52
JVA,2020-01-08,4.37
JWN,2020-01-21,39.18
JYNT,2019-11-22,18.54
K,2020-02-06,62.86
KAI,2020-02-13,95.48
KAMN,2020-02-03,62.37
KAR,2020-01-22,21.75
KBH,2020-03-31,18.1
KDMN,2019-05-17,2.29
KDP,2020-02-28,27.7
KE,2020-01-22,17.01
KEQU,2019-12-04,16.58
KEX,2020-01-31,73.29
KEY,2020-02-03,18.77
KEYS,2019-10-14,95.48
KFFB,2020-03-06,7.5
KFRC,2020-01-10,39.19
KGC,2020-03-17,4.76
KHC,2019-01-10,42.47
KIDS,2020-03-23,35.94
KIM,2019-11-22,20.4
KIN,2020-03-10,9.39
KINS,2020-02-10,7.43
KIRK,2019-03-19,7.41
KL,2019-09-19,46.92
KLIC,2020-02-11,25.88
KMPH,2019-03-15,2.04
KMPR,2020-01-31,74.14
KMX,2020-02-27,88.19
KN,2019-12-10,21.58
KNSL,2020-03-27,98.9
KO,2020-02-27,54.45
KOD,2020-03-17,41.56
KOP,2020-01-08,34.27
KOPN,2019-08-01,1.31
KOS,2020-01-30,5.3476
KOSS,2020-02-26,1.23
KPTI,2020-02-27,15.38
KR,2020-03-25,27.94
KRA,2020-02-05,18.04
KRC,2020-02-26,78.77
KREF,2020-02-25,20.26
KRNY,2019-12-31,13.73
KRO,2020-01-02,12.74
KRTX,2020-03-25,67.0
KRYS,2019-09-03,41.48
KSS,2020-01-13,44.66
KTCC,2020-02-20,5.32
KURA,2019-08-15,17.43
KVHI,2020-04-02,8.85
L,2020-02-25,50.36
LAKE,2020-02-19,12.05
LANC,2020-01-02,155.69
LAND,2020-03-26,11.14
LARK,2020-02-27,23.1
LAWS,2020-02-10,46.93
LAZY,2020-03-12,3.204
LB,2020-02-18,23.8
LBAI,2020-04-15,9.84
LBY,2019-11-15,1.72
LCI,2019-11-06,12.51
LCII,2020-02-28,95.92
LCNB,2020-03-13,15.97
LCTX,2020-03-19,0.79
LCUT,2020-03-09,5.6
LDL,2020-01-31,20.44
LDOS,2020-03-06,105.26
LE,2019-11-20,10.87
LEAF,2019-05-16,7.7
LECO,2020-01-29,92.32
LEE,2020-02-28,1.5
LEG,2019-10-07,38.51
LFUS,2020-02-25,170.94
LGI,2020-02-26,15.5
LGIH,2020-02-28,75.35
LGL,2020-01-03,14.22
LHCG,2019-08-14,120.82
LHX,2020-04-07,179.9
LII,2019-12-19,236.63
LINC,2020-04-17,2.4
LIND,2019-09-11,17.14
LIQT,2020-03-11,3.67
LITE,2020-04-03,66.86
LKFN,2020-02-06,47.85
LKQ,2020-02-26,30.54
LL,2020-03-12,6.7
LLNW,2020-03-05,4.97
LM,2020-03-18,45.28
LMAT,2020-02-03,35.72
LMB,2020-03-16,3.9
LMNR,2020-03-06,16.95
LMNX,2020-03-23,23.88
LMST,2020-01-22,17.44
LMT,2020-02-25,397.86
LNC,2020-02-25,51.46
LNN,2020-03-12,77.23
LNT,2020-02-25,58.01
LNTH,2019-12-09,20.24
LOAN,2020-04-13,3.8
LOB,2019-10-08,17.09
LOCO,2020-02-05,14.18
LOGC,2020-01-02,7.49
LOGM,2020-04-02,83.46
LOOP,2020-03-31,7.29
LORL,2020-02-26,32.18
LOW,2020-02-28,106.57
LPCN,2020-04-13,0.473
LPI,2020-01-27,1.81
LPLA,2020-03-02,82.11
LPSN,2020-02-20,32.29
LPTX,2019-08-23,1.49
LPX,2020-02-28,28.45
LQDT,2020-01-29,5.53
LRN,2020-01-30,16.32
LSBK,2020-03-10,15.0
LSCC,2020-02-21,19.03
LSI,2020-03-11,105.27
LSTR,2020-02-19,111.59
LTBR,2020-04-13,2.01
LUB,2020-03-09,1.69
LULU,2020-02-24,246.21
LUNA,2020-03-02,7.13
LUV,2020-02-24,53.9
LVS,2020-02-24,60.99
LW,2019-05-10,66.91
LWAY,2020-03-24,1.83
LXP,2020-03-11,9.71
LXU,2020-01-10,3.68
LYTS,2020-03-23,2.78
LYV,2020-02-28,60.77
LZB,2020-02-24,30.95
M,2020-02-28,12.7
MAC,2020-01-03,25.02
MAG,2020-01-17,10.54
MAIN,2020-02-21,43.53
MAN,2020-03-04,76.03
MANH,2020-02-21,77.12
MARA,2020-02-20,1.04
MARK,2020-04-02,0.37
MAS,2020-02-13,46.33
MASI,2019-09-19,151.5
MAT,2020-02-07,14.08
MATX,2020-01-31,35.79
MAXR,2019-12-09,11.02
MAYS,2020-02-27,28.5
MBI,2020-03-06,8.13
MBII,2020-03-31,0.82
MBIO,2020-03-25,2.45
MBRX,2020-02-07,0.808
MBWM,2020-01-13,35.45
MCBC,2020-01-09,10.78
MCFT,2019-12-06,16.04
MCHP,2020-02-03,97.22
MCO,2020-02-28,240.03
MCRB,2020-01-16,3.48
MCRI,2020-03-05,39.13
MCY,2020-02-28,42.63
MD,2020-01-27,25.94
MDC,2020-03-11,33.96
MDGL,2020-04-08,66.2
MDLA,2020-04-15,19.1
MDRIQ,2018-09-13,18.4
MDRX,2019-12-02,10.48
MDU,2020-03-02,28.95
MED,2020-02-24,93.34
MEDP,2020-03-11,83.64
MEET,2020-03-18,4.8
MELI,2020-03-09,539.64
MEOH,2020-03-04,28.58
MERC,2020-02-11,10.77
METC,2019-08-19,3.73
MFA,2020-02-25,6.7649
MFC,2020-01-31,19.19
MFIN,2020-01-29,6.61
MFNC,2020-02-14,15.25
MFSF,2020-04-15,25.33
MG,2020-01-07,14.08
MGA,2020-02-14,50.8
MGEE,2020-03-03,72.18
MGEN,2020-03-16,0.42
MGM,2020-01-28,30.74
MGNX,2020-01-27,10.24
MGPI,2020-02-07,34.11
MGYR,2019-11-25,12.25
MHH,2020-04-15,12.79
MHK,2020-01-03,130.95
MIC,2020-02-26,39.61
MICR,2020-01-31,2.61
MICT,2020-04-01,0.87
MIDD,2020-03-16,63.43
MIK,2020-03-10,3.59
MIND,2020-02-25,2.69
MINI,2020-02-27,38.74
MITT,2020-03-06,15.51
MJCO,2020-01-24,7.24
MKL,2020-03-05,1228.68
MKSI,2019-12-09,105.09
MKTX,2020-01-27,357.23
MLAB,2020-04-17,221.41
MLHR,2019-12-19,42.97
MLI,2020-01-21,30.66
MLM,2020-02-11,262.13
MLND,2019-07-23,10.7
MLP,2020-03-09,10.26
MLVF,2020-01-08,22.75
MMAC,2020-02-26,31.54
MMC,2020-03-03,105.97
MMI,2019-12-18,36.87
MMS,2020-01-21,74.07
MMSI,2020-03-03,36.52
MNLO,2020-02-27,2.71
MNRO,2020-01-14,75.18
MNSB,2020-04-01,15.5
MNST,2020-02-26,65.88
MNTA,2020-03-20,24.53
MNTX,2020-03-26,3.78
MO,2020-04-17,40.85
MOD,2019-12-30,7.59
MODN,2020-02-05,31.42
MOFG,2020-02-04,32.41
MOH,2020-01-30,126.75
MORN,2020-03-10,134.94
MOS,2020-02-13,19.42
MOSY,2020-03-30,0.97
MOV,2020-01-09,20.38
MPAA,2020-01-30,20.87
MPB,2020-02-14,24.26
MPC,2019-11-20,61.19
MPW,2020-03-13,17.92
MPX,2020-02-27,12.86
MR,2020-01-30,3.76
MRAM,2019-04-24,8.39
MRC,2020-01-15,13.3
MRCC,2020-02-27,9.94
MRCY,2020-02-28,73.46
MRK,2020-02-10,84.96
MRKR,2020-02-05,2.86
MRLN,2020-03-13,13.5
MRNS,2020-04-13,1.85
MRO,2020-01-22,12.3915
MRSN,2019-10-22,1.84
MRTN,2020-01-24,19.83
MRTX,2020-03-23,73.14
MRUS,2020-03-25,12.1
MSA,2020-03-03,126.25
MSBF,2020-03-20,12.3
MSBI,2020-01-15,28.31
MSCI,2020-03-09,257.85
MSEX,2020-02-27,61.9
MSFT,2020-02-25,168.07
MSON,2020-01-30,17.58
MSVB,2020-03-05,13.35
MTBC,2020-03-25,5.37
MTCH,2019-10-31,72.99
MTD,2020-04-15,692.96
MTDR,2019-05-23,17.81
MTG,2020-02-27,12.24
MTH,2020-03-24,35.31
MTNB,2020-02-13,1.27
MTOR,2020-02-27,22.56
MTRN,2020-02-20,50.03
MTRX,2020-01-13,21.49
MTSC,2020-02-25,43.72
MTSI,2020-04-14,24.62
MTX,2020-01-21,57.17
MU,2020-02-24,55.01
MUR,2020-02-18,22.35
MUSA,2020-01-16,112.52
MUX,2020-03-17,0.741
MVBF,2020-02-05,20.44
MX,2020-02-21,14.51
MXIM,2020-03-04,58.03
MXL,2020-02-03,19.34
MYE,2020-02-19,15.48
MYFW,2019-11-06,15.72
MYGN,2020-02-07,21.02
MYO,2020-01-16,9.45
MYOK,2020-02-06,70.32
MYOS,2020-02-05,1.25
MYOV,2020-03-05,10.51
MYRG,2019-12-27,32.08
NATH,2020-02-18,64.15
NATI,2020-03-03,39.24
NATR,2020-02-28,8.2
NAV,2020-04-08,19.39
NAVI,2020-02-25,12.26
NBEV,2019-03-15,5.15
NBIX,2020-01-24,99.17
NBL,2020-01-23,22.22
NBN,2020-01-17,20.75
NBSE,2020-03-12,5.82
NBTB,2020-01-27,38.66
NCBS,2020-01-24,71.45
NCMI,2020-03-23,2.85
NCSM,2020-01-23,1.78
NDAQ,2020-02-27,106.94
NDSN,2020-03-04,148.1
NEM,2019-11-08,36.38
NEOG,2020-02-27,63.62
NEOS,2020-03-05,1.41
NEPH,2020-02-28,7.87
NEPT,2020-02-27,2.01
NERV,2020-02-26,7.35
NETE,2020-04-01,1.79
NEU,2020-01-08,459.81
NEWR,2019-03-15,104.03
NEX,2020-01-17,6.77
NEXA,2019-11-27,7.6041
NEXT,2020-02-19,4.84
NFBK,2020-04-17,10.55
NFG,2020-02-25,39.39
NFLX,2020-02-28,369.03
NGD,2020-02-13,0.76
NGHC,2019-10-03,21.9
NGS,2020-02-03,10.39
NGVC,2019-11-05,9.07
NGVT,2020-01-13,80.32
NHC,2020-01-31,83.31
NHI,2020-03-30,52.28
NHTC,2019-10-30,6.2196
NI,2020-02-24,29.25
NJR,2020-01-31,40.93
NK,2019-11-13,1.11
NKSH,2020-01-16,42.92
NKTR,2020-02-26,21.41
NLNK,2020-02-14,1.56
NLOK,2020-03-10,17.94
NLS,2020-03-17,1.45
NLTX,2020-03-09,8.43
NLY,2020-02-28,8.5
NM,2020-01-02,4.33
NMFC,2020-03-05,12.96
NNBR,2019-12-18,8.61
NNN,2020-02-11,56.42
NNVC,2020-04-15,5.44
NOA,2020-01-22,11.9487
NOC,2020-02-19,364.82
NODK,2020-03-03,14.55
NOG,2020-01-23,1.72
NOVN,2020-01-06,0.82
NOVT,2020-02-25,85.36
NOW,2020-03-09,292.09
NP,2020-01-03,68.28
NPK,2020-02-26,80.72
NPO,2020-01-23,64.8
NPTN,2020-02-12,7.92
NPV,2020-03-03,14.52
NRBO,2020-03-25,11.65
NRIM,2020-01-02,37.57
NSEC,2020-02-11,14.48
NSIT,2020-02-12,60.19
NSYS,2020-03-23,2.84
NTAP,2020-01-24,59.09
NTCT,2019-10-03,21.74
NTGR,2020-02-13,22.85
NTIC,2020-02-19,13.45
NTIP,2020-02-25,2.2184
NTLA,2019-08-27,13.9
NTR,2020-01-31,42.07
NTRA,2020-03-18,17.27
NTRS,2020-01-22,104.03
NTUS,2020-02-25,28.78
NUAN,2020-03-12,17.89
NUE,2020-01-03,53.73
NURO,2020-02-19,3.09
NUVA,2020-02-24,73.28
NVDA,2020-01-31,236.29
NVEE,2019-08-19,64.17
NVIV,2020-04-16,1.41
NVMI,2020-02-21,38.3
NVR,2020-04-07,2712.71
NVRO,2020-03-26,95.33
NVTA,2020-04-16,13.89
NVUS,2020-02-24,0.51
NWBI,2019-12-11,16.26
NWHM,2020-02-28,4.91
NWL,2020-02-24,17.99
NWN,2020-04-15,61.83
NWPX,2020-02-21,33.87
NX,2020-02-27,17.35
NXGN,2019-12-13,14.77
NXPI,2020-02-24,123.53
NXRT,2019-12-18,43.05
NYCB,2020-01-14,11.51
NYMX,2020-04-07,2.12
O,2020-01-21,76.91
OAS,2020-01-22,2.6
OBCI,2019-08-19,3.34
OBSV,2020-03-11,2.57
OCFC,2020-01-29,23.41
OCGN,2020-02-27,0.411
OCSL,2020-02-13,5.2453
OCUL,2019-05-20,3.37
OCX,2020-02-11,2.5
ODC,2020-01-29,35.18
ODFL,2020-02-27,131.98
ODP,2020-03-09,1.93
ODT,2019-12-10,30.51
OEC,2019-08-16,12.33
OESX,2019-11-06,2.77
OFED,2020-02-04,25.99
OFG,2020-01-13,22.01
OFIX,2020-02-25,36.7
OFLX,2020-03-04,86.19
OGE,2020-03-25,28.68
OGS,2020-02-26,89.89
OHI,2020-02-28,39.6
OI,2020-03-30,6.67
OII,2020-01-30,12.85
OIS,2020-01-15,15.23
OLED,2020-03-11,147.75
OLP,2020-02-25,26.21
OMC,2020-01-17,79.7
OMCL,2020-03-03,81.15
OMER,2020-02-04,13.37
OMF,2020-03-04,39.33
OMI,2020-03-09,4.72
OMN,2020-03-16,9.13
ON,2020-02-04,19.82
ONB,2020-02-26,17.11
ONCS,2020-03-05,1.53
ONCT,2020-02-27,3.66
ONDK,2020-03-23,0.7
ONVO,2020-02-06,0.33
OOMA,2020-02-26,12.69
OPB,2020-03-06,22.15
OPBK,2020-02-25,9.77
OPCH,2020-02-26,14.98
OPGN,2019-12-12,1.177
OPK,2020-02-20,1.58
OPNT,2020-01-14,13.43
OPOF,2020-01-24,27.72
OPTN,2020-03-13,4.89
OR,2019-11-08,8.41
ORA,2020-02-27,71.57
ORBC,2019-07-31,5.86
ORC,2020-03-06,5.7873
ORCL,2019-12-05,54.18
ORGO,2020-04-07,3.1
ORI,2019-12-02,21.96
ORLY,2019-12-20,441.16
ORN,2020-01-02,5.36
ORRF,2020-01-27,21.4
OSBC,2020-02-07,12.39
OSIS,2020-01-24,96.69
OSK,2020-02-04,89.96
OSS,2019-12-26,1.86
OSTK,2020-03-03,6.06
OSUR,2020-02-14,6.84
OTEX,2020-02-25,43.53
OTIC,2020-04-03,1.95
OTTR,2020-04-03,42.86
OTTW,2020-03-09,12.76
OUT,2020-03-24,11.41
OVBC,2020-03-02,28.85
OVID,2020-03-03,3.18
OVLY,2020-01-27,18.68
OXM,2020-01-10,71.64
OXSQ,2020-03-03,4.8851
OXY,2020-01-29,39.28
PAAS,2020-02-28,19.8
PACB,2020-03-30,3.12
PACD,2020-02-05,1.9
PACW,2020-02-25,34.19
PAG,2020-02-27,45.14
PANW,2020-01-28,239.12
PAR,2020-01-03,31.69
PATI,2020-02-03,12.28
PATK,2020-04-17,31.45
PAVM,2020-03-27,1.8
PAYC,2020-02-26,291.92
PAYS,2020-02-25,8.16
PBA,2019-10-28,34.34
PBBI,2020-03-06,15.13
PBCT,2020-01-14,16.31
PBH,2020-02-26,38.85
PBHC,2020-03-16,12.32
PBI,2019-05-06,5.5135
PBPB,2019-10-22,4.03
PBYI,2020-01-14,8.34
PCAR,2020-02-26,69.42
PCB,2020-03-26,10.14
PCG,2020-03-24,8.83
PCH,2020-02-18,41.46
PCRX,2020-03-26,32.44
PCTI,2020-02-05,8.64
PDCE,2020-01-22,21.49
PDCO,2020-01-09,21.27
PDFS,2020-01-03,16.98
PDLI,2020-03-24,2.73
PDSB,2020-03-03,1.29
PEAK,2020-02-27,32.77
PEB,2020-01-22,25.32
PEBK,2020-01-27,28.01
PEBO,2020-01-31,32.54
PEG,2020-02-28,50.85
PEIX,2020-02-13,0.58
PEN,2020-03-16,140.88
PENN,2020-01-22,25.26
PEP,2020-02-28,131.14
PETS,2020-02-28,26.4
PFBI,2020-01-07,16.98
PFE,2020-01-29,37.2
PFG,2020-02-27,46.25
PFGC,2020-02-26,47.46
PFIE,2020-02-11,1.35
PFIS,2020-01-30,48.06
PFLT,2020-03-11,9.37
PFMT,2020-02-05,1.09
PFNX,2020-02-24,12.73
PFPT,2020-03-04,113.51
PFS,2019-12-24,24.4
PFSI,2020-03-11,34.68
PG,2020-01-16,125.33
PGC,2020-03-09,23.85
PGNX,2020-01-07,4.84
PGR,2020-02-27,76.18
PGRE,2020-03-04,12.38
PGTI,2020-03-27,8.76
PHIO,2020-03-02,3.09
PHM,2020-03-02,41.41
PI,2019-12-18,27.37
PIH,2020-04-08,4.595
PII,2020-01-06,96.36
PIRS,2020-02-14,3.73
PK,2020-01-17,23.5
PKBK,2020-01-23,21.05
PKE,2020-03-02,14.1
PKOH,2020-02-06,30.67
PLAB,2020-01-30,13.49
PLAY,2019-05-21,53.99
PLBC,2020-02-27,25.92
PLCE,2020-03-23,17.2
PLD,2020-02-28,83.58
PLG,2020-03-06,1.94
PLM,2019-11-06,0.32
PLOW,2020-02-07,52.23
PLPC,2019-12-26,60.15
PLSE,2019-05-08,12.84
PLT,2018-04-10,58.26
PLX,2020-03-25,2.4
PLXP,2020-03-06,5.0
PLXS,2020-02-14,73.27
PLYM,2019-08-12,16.89
PMBC,2020-03-17,5.61
PML,2020-01-27,15.07
PNC,2020-02-24,147.09
PNFP,2020-01-27,59.75
PNM,2020-03-03,49.08
PNNT,2020-01-27,6.1875
PNRG,2020-02-07,139.7
PNW,2020-02-28,89.49
PODD,2020-03-24,157.51
POL,2019-12-02,30.49
POLA,2019-08-08,4.23
POST,2020-02-28,101.26
POWI,2020-02-24,93.01
POWL,2020-01-07,47.55
PPBI,2019-11-20,31.86
PPC,2020-01-13,31.92
PPG,2020-01-22,125.62
PPIH,2020-01-30,9.09
PPL,2020-02-14,34.9
PQG,2019-12-11,15.74
PRA,2019-11-21,36.71
PRAA,2020-02-27,34.72
PRAH,2020-03-05,98.34
PRCP,2019-10-22,4.71
PRFT,2020-02-20,52.39
PRGS,2020-02-19,44.41
PRIM,2020-03-09,18.13
PRK,2020-01-15,101.29
PRLB,2020-03-09,78.16
PRO,2020-03-30,32.07
PROV,2020-01-23,21.95
PRPH,2020-03-04,1.93
PRPL,2020-04-13,7.32
PRPO,2020-03-06,1.37
PRSC,2020-03-05,57.36
PRSP,2020-02-18,25.22
PRTH,2019-05-14,5.99
PRTK,2020-02-14,3.44
PRTS,2020-03-12,2.21
PRTY,2020-02-25,2.5
PRVB,2020-03-23,6.88
PSA,2019-09-05,251.23
PSB,2020-02-21,166.41
PSEC,2020-02-24,6.2919
PSMT,2020-01-03,67.69
PSX,2019-12-23,111.55
PTC,2020-02-27,76.03
PTCT,2020-03-10,51.35
PTE,2020-02-19,1.62
PTEN,2020-02-05,8.3677
PTGX,2019-11-19,10.64
PTLA,2019-12-11,27.15
PTSI,2020-01-27,53.63
PUB,2020-01-27,28.29
PVAC,2019-10-22,26.75
PVG,2020-02-05,10.06
PVH,2020-01-13,100.14
PW,2020-01-06,8.71
PWOD,2020-01-14,33.07
PXD,2020-03-02,123.32
PXS,2020-03-19,0.77
PYPL,2020-03-09,101.63
PYX,2019-10-03,12.42
PZG,2019-10-25,0.701
PZZA,2020-03-05,56.56
QCOM,2020-02-21,86.34
QCRH,2020-02-25,40.47
QDEL,2020-02-21,79.39
QEP,2019-04-26,7.3005
QHC,2019-08-22,1.09
QLYS,2019-03-11,85.96
QNST,2020-03-04,12.51
QRVO,2020-03-31,80.63
QTRX,2019-09-17,25.97
QTWO,2020-02-28,75.37
QUMU,2019-12-17,2.53
QUOT,2020-01-02,9.77
RACE,2020-04-16,154.3
RAIL,2020-01-06,1.97
RARE,2019-12-31,42.71
RAVE,2020-01-15,1.68
RAVN,2020-01-29,32.3
RBA,2020-01-30,42.58
RBB,2020-02-14,19.98
RBBN,2020-02-06,2.98
RBC,2020-01-27,80.58
RBNC,2019-10-24,22.81
RC,2020-01-10,14.59
RCII,2020-02-11,28.35
RCKY,2020-02-03,26.94
RCL,2020-02-05,117.1
RCM,2020-02-11,13.28
RDFN,2019-10-10,15.57
RDN,2020-02-20,23.93
RDNT,2019-05-23,12.67
RDVT,2019-10-02,11.9
RE,2020-02-27,260.08
RECN,2020-02-18,14.21
REED,2019-07-23,3.25
REFR,2020-03-05,3.24
REG,2020-02-28,57.44
REGN,2020-03-18,485.0
REI,2020-01-27,2.31
RELL,2020-01-28,5.347
REPH,2020-03-31,8.17
REPL,2020-03-26,10.69
RES,2020-01-24,4.45
RESN,2019-12-16,2.04
RETO,2019-09-18,1.038
REVG,2019-12-02,12.8372
REX,2020-02-24,76.64
REXN,2020-04-02,1.65
REXR,2020-01-02,44.94
RF,2020-02-28,13.38
RFP,2020-01-29,3.77
RGEN,2020-03-20,88.75
RGLD,2020-02-04,110.8
RGNX,2019-11-13,36.6
RGR,2020-03-09,41.42
RGS,2020-02-28,12.76
RH,2020-03-04,190.04
RHE,2020-02-18,1.448
RHI,2020-02-03,57.89
RHP,2020-04-02,31.94
RICK,2020-03-10,15.68
RILY,2020-02-25,24.13
RIOT,2019-06-24,3.04
RIVE,2020-01-31,12.39
RJF,2020-02-27,85.68
RLGT,2020-01-27,4.93
RLGY,2019-02-26,13.683
RLH,2020-01-14,3.36
RLI,2019-11-29,91.13
RLJ,2020-01-09,16.55
RLMD,2020-03-25,31.88
RM,2019-11-06,29.2
RMBS,2020-03-10,12.07
RMCF,2020-02-07,8.191
RMD,2020-03-09,154.5
RMED,2020-03-30,1.02
RMNI,2020-03-02,4.51
RMTI,2020-04-03,1.8
RNDB,2020-02-21,15.49
RNET,2020-02-13,3.64
RNR,2020-02-27,178.95
RNST,2020-02-14,31.86
ROCK,2020-02-28,50.67
ROG,2019-10-31,135.48
ROIC,2020-01-03,16.97
ROK,2020-01-27,192.94
ROL,2020-03-23,31.57
ROP,2020-03-30,316.94
ROST,2020-02-25,116.39
RP,2020-03-16,47.85
RRD,2020-01-21,3.3472
RS,2020-01-31,114.05
RSG,2020-04-13,78.89
RST,2020-03-31,14.02
RTIX,2020-02-13,4.47
RTRX,2020-02-26,15.28
RTW,2019-11-15,1.43
RUBI,2020-04-09,5.69
RUN,2020-04-13,11.1
RUTH,2020-01-02,21.9
RVI,2020-01-23,35.48
RVNC,2019-12-18,16.3
RVP,2020-01-22,1.61
RVSB,2020-01-16,7.47
RWT,2020-04-07,3.1
RXN,2020-02-28,29.16
RY,2020-04-17,62.33
RYAM,2019-06-07,6.6497
RYI,2020-01-27,10.46
RYN,2020-02-19,28.86
RYTM,2020-01-15,20.66
S,2019-10-28,6.32
SABR,2020-01-30,21.21
SAFM,2020-01-27,144.71
SAFT,2020-02-25,89.67
SAGE,2020-01-13,74.77
SAIA,2020-02-28,87.31
SAL,2020-04-07,32.51
SALT,2020-01-15,55.12
SANM,2020-02-12,31.55
SANW,2020-04-01,1.92
SASR,2020-02-03,34.82
SAVA,2020-03-02,6.47
SAVE,2019-07-26,43.56
SB,2019-12-31,1.7
SBBX,2020-02-19,24.5
SBFG,2020-03-04,18.4
SBH,2020-01-03,17.3
SBNY,2020-02-27,131.51
SBOW,2019-07-16,13.02
SBPH,2020-04-01,0.898
SBRA,2020-02-19,21.87
SBSI,2020-03-04,33.78
SBUX,2020-01-30,85.44
SC,2018-10-23,17.18
SCHL,2020-01-16,36.67
SCHW,2020-02-04,46.9
SCL,2020-02-25,93.5
SCM,2019-10-16,12.79
SCOR,2020-01-28,4.48
SCVL,2020-01-08,37.11
SCYX,2019-05-02,1.52
SDPI,2020-01-29,0.72
SDRL,2020-01-21,1.63
SEAC,2020-04-13,2.56
SEAS,2020-04-15,10.4
SEB,2020-02-24,3785.52
SEDG,2020-03-09,111.66
SEE,2019-11-12,38.11
SEEL,2020-01-16,1.44
SEIC,2020-02-25,63.48
SELB,2019-11-12,1.38
SELF,2019-10-22,4.486
SEM,2020-03-12,17.52
SENS,2019-02-05,2.3
SERV,2020-03-05,35.82
SESN,2020-02-25,0.784
SF,2020-03-10,45.19
SFBC,2019-12-30,35.53
SFBS,2020-03-04,35.38
SFM,2020-01-15,17.82
SFST,2020-02-25,40.4
SGB,2019-07-15,19.99
SGBX,2019-08-09,14.8
SGC,2020-01-30,12.48
SGEN,2020-03-03,107.4
SGMA,2020-01-09,3.96
SGMS,2020-02-27,18.95
SGRP,2020-02-28,1.13
SGRY,2019-04-12,11.3
SHBI,2019-12-27,17.21
SHEN,2020-03-05,44.32
SHLO,2020-01-22,3.36
SHO,2020-01-24,13.05
SHOO,2020-01-28,40.89
SHSP,2020-02-27,11.75
SHW,2020-02-21,571.88
SIEB,2019-12-18,9.91
SIEN,2020-02-04,6.34
SIF,2020-04-01,2.23
SIGA,2020-03-16,3.99
SIGI,2020-02-20,66.18
SIRI,2020-02-13,7.23
SITC,2020-02-21,13.19
SITE,2020-03-09,86.26
SIX,2019-09-30,49.34
SJW,2020-02-21,71.74
SKY,2020-01-21,34.7
SKYW,2020-01-31,54.89
SLAB,2020-01-31,98.31
SLB,2020-01-17,37.81
SLCA,2019-10-09,7.5184
SLCT,2020-01-21,11.84
SLF,2020-02-26,46.13
SLG,2020-03-03,80.21
SLGN,2019-12-09,30.36
SLM,2020-02-28,10.34
SLP,2020-03-04,34.45
SLRC,2020-02-24,19.28
SMBC,2019-12-30,37.96
SMED,2019-11-25,4.22
SMHI,2019-11-12,13.07
SMMF,2020-02-21,25.26
SMP,2019-12-26,53.03
SMPL,2019-10-03,27.32
SMRT,2020-03-09,0.68
SMTC,2020-02-21,47.16
SNA,2020-01-31,158.55
SNCR,2019-09-06,6.5
SNDX,2019-10-22,6.49
SNES,2019-09-10,20.4
SNGX,2020-03-06,2.99
SNPS,2020-02-24,145.94
SNR,2020-02-04,7.5101
SNX,2020-03-10,109.21
SO,2020-03-31,54.14
SOHO,2020-01-24,6.0461
SONA,2020-01-24,15.3
SORL,2020-03-13,3.76
SP,2020-03-31,20.75
SPAR,2020-03-19,11.32
SPB,2020-01-24,60.51
SPCE,2020-03-17,12.66
SPEX,2020-03-17,0.74
SPG,2020-01-22,143.81
SPGI,2020-02-25,282.63
SPLK,2020-02-26,156.51
SPNE,2019-12-06,13.06
SPOK,2020-03-13,9.4
SPPI,2019-12-18,8.6
SPSC,2020-02-12,58.35
SPTN,2020-03-12,9.35
SPWH,2020-01-27,6.44
SPWR,2020-03-09,6.88
SPXC,2020-02-27,44.41
SQBG,2020-03-31,0.21
SR,2020-02-26,81.71
SRCE,2020-01-13,50.62
SRCL,2020-03-05,60.85
SRDX,2020-02-21,37.12
SRE,2020-02-26,145.37
SREV,2020-03-02,1.36
SRI,2020-02-24,28.66
SRRA,2019-05-02,56.4
SRT,2020-01-24,8.0
SRTS,2019-10-02,5.88
SSB,2020-01-21,85.39
SSBI,2020-01-17,12.71
SSD,2020-02-24,82.29
SSNC,2020-02-27,55.4
SSRM,2020-03-03,16.95
SSTI,2019-07-31,37.59
SSTK,2019-12-03,42.56
SSY,2019-04-26,1.61
STAG,2019-11-29,30.48
STAR,2020-03-16,9.45
STBA,2020-01-31,37.32
STC,2020-01-06,40.89
STCN,2020-03-05,1.43
STFC,2020-04-15,23.24
STKL,2019-10-04,1.63
STKS,2020-03-04,3.24
STL,2020-02-14,19.95
STLD,2020-01-24,30.37
STML,2020-01-29,6.64
STN,2019-09-26,21.77
STND,2020-02-25,29.02
STOR,2020-02-19,36.62
STRA,2020-03-02,148.59
STRL,2019-12-04,14.12
STRM,2020-02-07,1.2
STRT,2020-04-14,13.4
STT,2020-02-24,73.27
STWD,2020-02-26,23.35
STXB,2020-01-24,22.06
SU,2020-01-31,30.2
SUI,2020-03-11,152.36
SUMR,2018-09-18,15.21
SUNS,2020-02-21,17.52
SUP,2019-10-01,2.98
SUPN,2019-10-08,25.48
SVBI,2020-01-31,8.21
SVM,2019-10-29,4.069
SVRA,2019-07-31,2.54
SVT,2019-07-19,9.95
SWIR,2020-02-18,8.88
SWK,2020-01-31,158.56
SWKS,2020-02-21,114.63
SWM,2019-12-31,41.46
SWN,2020-01-27,1.71
SXC,2020-02-20,5.73
SXT,2020-01-08,62.96
SYBT,2020-01-07,40.07
SYBX,2020-02-27,2.07
SYK,2020-01-10,208.89
SYKE,2020-03-03,30.63
SYNA,2020-03-12,57.04
SYNC,2020-02-10,1.53
SYNL,2020-02-07,12.79
SYPR,2020-03-17,0.7
SYRS,2019-10-01,9.27
SYX,2020-02-12,21.96
SYY,2020-01-16,81.77
T,2020-02-24,37.39
TAC,2020-03-13,4.95
TACO,2019-09-17,10.82
TACT,2020-03-03,9.84
TANH,2020-01-22,1.5
TAYD,2020-03-06,10.35
TBBK,2020-03-24,4.86
TBI,2020-01-31,21.91
TBIO,2020-02-13,8.0
TBK,2018-10-17,36.91
TBNK,2019-12-12,31.66
TBPH,2020-02-12,24.67
TCBI,2020-02-26,52.09
TCBK,2020-01-23,38.08
TCCO,2020-03-25,2.17
TCDA,2020-03-12,25.45
TCFC,2020-02-27,31.31
TCMD,2019-04-10,53.73
TCO,2020-03-31,41.88
TCPC,2020-02-25,13.28
TCRD,2019-12-17,5.8208
TCS,2019-11-15,3.5335
TDC,2020-02-03,23.98
TDG,2020-02-14,646.75
TDOC,2019-06-06,54.27
TDW,2019-11-26,14.88
TDY,2020-03-04,365.78
TECD,2020-02-27,142.95
TECH,2020-02-14,208.53
TELL,2020-02-11,6.77
TENB,2020-03-16,17.28
TER,2020-02-21,66.0
TESS,2019-07-22,16.74
TEX,2020-02-11,26.1
TFC,2020-02-24,53.77
TFSL,2020-02-28,20.18
TFX,2020-02-21,370.03
TG,2020-01-29,20.65
TGA,2020-03-06,0.97
TGB,2020-02-18,0.41
TGI,2019-12-30,24.83
TGT,2020-01-31,110.11
TGTX,2020-04-02,9.43
THFF,2020-01-09,43.96
THM,2020-03-13,0.36
THO,2020-02-28,74.69
THR,2020-01-30,24.7
THRM,2020-03-09,38.09
THS,2019-08-14,50.98
THTX,2020-02-24,2.45
TIF,2020-03-03,132.66
TILE,2020-02-07,15.94
TIPT,2020-01-28,7.18
TISI,2019-11-22,16.15
TITN,2019-12-06,13.69
TIVO,2020-03-10,6.28
TJX,2020-01-31,58.82
TLF,2020-02-10,5.25
TLGT,2019-10-15,0.7
TLRA,2019-10-09,7.39
TLRD,2019-12-11,4.85
TMHC,2020-02-28,22.52
TMO,2020-01-28,333.0
TMP,2020-04-15,66.8
TMQ,2020-02-11,2.13
TMUS,2020-04-01,85.13
TNAV,2020-03-11,5.42
TNET,2019-08-20,67.99
TNXP,2020-04-06,0.73
TOCA,2020-04-17,1.28
TOL,2020-02-26,37.62
TORC,2020-03-30,1.09
TOWN,2020-02-26,25.37
TPC,2020-02-24,11.06
TPCO,2020-03-03,10.8
TPH,2020-03-06,15.37
TPIC,2020-03-05,22.85
TPR,2020-03-02,23.36
TPRE,2020-02-14,10.99
TPVG,2019-11-19,13.95
TPX,2020-02-24,86.43
TR,2020-02-07,32.97
TRC,2020-03-13,14.9
TRCH,2020-03-09,0.5
TREC,2019-11-08,8.58
TREE,2019-12-04,355.67
TREX,2020-02-26,98.47
TRGP,2020-02-25,35.67
TRHC,2019-05-31,45.17
TRIP,2020-02-21,28.29
TRMB,2020-02-26,42.73
TRMT,2020-03-04,5.1905
TRNO,2020-01-13,55.34
TRNS,2019-12-30,31.97
TROV,2020-03-04,1.56
TRP,2020-03-09,46.34
TRQ,2020-02-19,0.62
TRST,2019-12-27,8.61
TRTX,2020-03-02,17.5
TRU,2020-02-28,88.84
TRUE,2020-01-16,4.31
TRUP,2020-01-28,32.19
TRV,2020-01-28,133.51
TRVN,2020-02-10,0.79
TRWH,2020-03-12,16.53
TRXC,2020-03-04,1.14
TSBK,2020-01-07,29.19
TSC,2020-01-31,22.99
TSCO,2019-08-06,104.59
TSLA,2020-02-26,778.8
TSRI,2020-03-18,3.2
TTEC,2020-02-25,39.68
TTEK,2020-03-10,79.46
TTGT,2020-04-03,17.89
TTI,2020-01-30,1.55
TTMI,2020-04-15,10.16
TTNP,2020-03-19,0.21
TTOO,2019-12-24,1.13
TTWO,2020-02-07,112.6
TU,2020-03-06,18.4
TUP,2019-12-12,7.64
TVTY,2020-02-25,13.36
TWI,2020-02-07,2.6523
TWIN,2020-02-12,10.32
TWOU,2020-03-16,19.75
TXMD,2019-11-15,2.74
TXN,2020-02-28,114.14
TXRH,2020-03-23,39.35
TXT,2020-03-04,40.95
TYG,2020-01-24,17.5527
TYL,2020-03-25,262.14
TYME,2020-02-03,1.4
UAL,2020-01-24,81.9
UAMY,2020-01-08,0.37
UAVS,2020-03-16,0.32
UBCP,2020-03-03,13.48
UBFO,2020-01-17,10.1
UBOH,2020-03-02,22.25
UBP,2020-02-25,17.16
UBSI,2020-01-09,36.94
UCBI,2020-01-08,29.94
UDR,2020-03-06,47.82
UE,2020-01-14,18.75
UEC,2020-03-17,0.6
UEIC,2020-01-31,49.53
UFAB,2019-02-28,4.34
UFCS,2020-04-15,29.6
UFPI,2020-03-19,33.85
UFPT,2020-01-23,47.2
UG,2020-01-21,18.83
UGI,2019-10-25,47.32
UHAL,2020-01-24,371.27
UI,2020-02-10,141.72
UIHC,2019-10-17,12.46
ULBI,2020-03-03,7.07
ULTA,2020-02-27,265.38
UMBF,2020-02-25,62.68
UMPQ,2020-01-30,16.84
UNAM,2020-01-17,7.07
UNB,2020-03-02,30.76
UNF,2019-12-26,203.01
UNFI,2020-02-11,7.59
UNIT,2020-01-31,6.16
UNM,2020-01-09,28.57
UNT,2018-11-05,23.71
UNTY,2020-01-24,21.22
UNVR,2020-02-13,22.29
UPWK,2019-12-17,10.63
URBN,2020-01-31,25.6
URI,2020-02-18,153.98
USAK,2020-02-06,5.31
USAP,2020-02-27,11.91
USFD,2019-11-01,40.44
USIO,2020-03-04,1.68
USLM,2020-02-20,86.43
USM,2020-01-31,32.02
USNA,2020-02-04,65.93
USPH,2020-03-09,99.32
UTHR,2020-01-27,90.05
UTI,2020-04-03,5.5
UTL,2020-03-03,56.83
UTMD,2020-01-08,102.37
UTX,2020-02-04,152.28
UVSP,2020-02-04,25.05
UVV,2020-02-03,52.85
VAC,2020-01-31,119.61
VALU,2020-04-15,30.0
VAR,2020-03-04,131.39
VBLT,2020-03-09,1.24
VCEL,2020-01-08,16.98
VCNX,2020-03-10,4.5
VCRA,2020-04-17,18.5
VEC,2020-03-09,45.14
VECO,2020-03-05,14.26
VER,2020-02-28,8.4247
VERB,2020-02-20,1.797
VERO,2020-04-02,3.8
VERU,2020-03-04,4.12
VET,2020-02-05,13.8364
VFF,2020-02-11,4.7
VG,2020-03-12,5.84
VGR,2020-02-14,13.17
VHC,2020-01-21,3.79
VHI,2020-02-19,1.5272
VIAV,2020-01-29,14.71
VICI,2020-03-10,22.59
VIRC,2020-01-23,3.98
VIVE,2020-04-16,0.667
VIVO,2020-02-11,8.17
VKTX,2020-02-04,6.52
VLO,2020-01-07,91.65
VLY,2020-03-12,7.32
VMC,2020-02-21,133.6
VNDA,2020-01-06,16.29
VNE,2020-02-14,14.85
VNRX,2020-02-14,4.88
VOLT,2020-02-07,2.36
VOYA,2019-08-06,52.5
VPG,2020-02-28,27.47
VRA,2020-01-30,9.77
VRAY,2020-02-26,3.06
VRCA,2020-02-27,11.81
VREX,2019-10-03,28.1
VRNS,2020-02-21,89.0
VRSK,2020-03-06,163.08
VRSN,2020-02-21,206.12
VRTS,2019-10-25,100.99
VRTU,2020-03-09,40.6
VRTV,2020-01-27,14.99
VRTX,2020-03-17,210.44
VSAT,2020-01-03,73.56
VSEC,2019-12-31,37.94
VSH,2020-02-21,20.0
VSLR,2020-03-12,6.72
VST,2020-02-13,22.87
VSTM,2019-10-04,1.19
VSTO,2019-12-20,7.61
VTNR,2020-02-20,1.39
VTR,2020-02-25,58.16
VVV,2019-12-13,21.29
VYGR,2020-03-05,11.65
VZ,2020-02-25,56.51
WAB,2020-02-03,75.93
WABC,2020-01-28,65.13
WAFD,2020-01-15,35.49
WASH,2020-01-13,51.58
WATT,2019-03-04,6.47
WBA,2020-01-10,53.75
WBC,2020-03-17,122.56
WBS,2020-01-23,48.45
WBT,2019-04-25,16.6
WCC,2020-01-23,53.91
WCN,2020-03-10,97.68
WD,2020-02-27,66.38
WDC,2020-02-26,58.85
WEBK,2020-01-29,41.61
WEC,2020-03-12,91.64
WELL,2020-02-26,80.72
WEN,2020-02-26,21.76
WERN,2020-02-24,36.95
WETF,2020-03-10,3.35
WEX,2020-02-26,199.83
WEYS,2020-02-25,21.99
WFC,2020-03-02,42.26
WH,2020-03-05,48.61
WHF,2020-03-11,12.23
WHG,2020-02-14,27.3
WHR,2019-12-19,142.64
WIFI,2020-03-27,9.86
WINA,2020-03-25,134.48
WING,2019-01-29,66.16
WIRE,2019-11-06,57.74
WLDN,2020-03-19,20.43
WLFC,2020-02-25,59.3
WLK,2020-02-20,63.13
WMB,2020-02-10,20.89
WMC,2020-03-03,10.52
WMK,2020-03-24,37.64
WMS,2019-12-11,37.52
WMT,2019-12-31,118.32
WNC,2019-12-20,14.4
WNEB,2020-03-06,7.94
WOR,2020-01-13,40.17
WOW,2019-09-04,5.46
WPC,2020-04-15,63.17
WPG,2020-01-31,2.8595
WPM,2020-03-20,24.05
WPX,2020-02-26,10.27
WRB,2019-09-11,70.14
WRK,2020-03-03,32.58
WRLD,2019-09-24,130.27
WRN,2020-02-04,0.64
WSBC,2020-01-28,34.3
WSBF,2020-01-21,17.47
WSFS,2020-01-06,43.55
WSM,2020-02-25,66.54
WSR,2020-04-09,6.31
WST,2020-03-06,149.95
WSTG,2020-03-11,14.4
WTFC,2020-01-22,64.96
WTI,2020-01-14,5.25
WTM,2020-02-25,1107.48
WTRH,2020-04-02,0.97
WTT,2020-01-23,1.36
WU,2020-01-15,26.79
WVFC,2020-03-19,15.89
WVVI,2020-01-29,6.9
WWD,2020-02-10,117.6
WWW,2020-01-16,34.23
WY,2020-02-26,27.07
WYND,2020-02-03,48.01
WYY,2020-03-19,0.33
X,2019-12-20,11.91
XAIR,2019-10-30,4.38
XBIO,2020-01-27,1.53
XBIT,2020-03-24,9.95
XEC,2020-02-06,43.5
XEL,2020-02-28,61.92
XELA,2020-03-03,0.3299
XENE,2020-03-30,10.96
XENT,2020-03-11,21.5
XERS,2019-12-02,8.5
XFOR,2019-12-04,10.18
XHR,2020-02-13,19.07
XLNX,2020-02-04,85.41
XLRN,2020-01-24,52.05
XNCR,2020-02-28,32.49
XOG,2019-12-12,1.87
XOM,2020-01-16,67.85
XON,2019-09-23,5.8
XONE,2020-03-23,4.99
XPEL,2020-02-21,14.51
XPER,2019-11-22,18.64
XPL,2020-04-17,0.22
XPO,2020-02-26,83.03
XRAY,2020-02-24,54.56
XXII,2020-03-30,0.73
Y,2020-03-02,704.38
YCBD,2019-09-03,3.99
YETI,2020-02-20,32.41
YEXT,2019-06-24,19.71
YMAB,2020-03-20,19.37
YORW,2020-01-10,44.37
YUMC,2020-03-12,39.24
ZAGG,2020-03-02,6.93
ZAYO,2018-09-07,34.17
ZBH,2020-02-25,149.36
ZEN,2020-03-26,67.01
ZEUS,2020-01-10,16.36
ZFGN,2020-04-06,0.728
ZION,2020-01-24,46.29
ZIOP,2020-01-08,4.59
ZIXI,2020-03-09,6.73
ZN,2020-03-31,0.18
ZUMZ,2020-01-23,32.28
ZYNE,2019-08-06,10.31
ZYXI,2020-03-18,10.32
